<?xml version="1.0" encoding="UTF-8"?>
<project-private xmlns="http://www.netbeans.org/ns/project-private/1">
    <editor-bookmarks xmlns="http://www.netbeans.org/ns/editor-bookmarks/2" lastBookmarkId="1"/>
    <open-files xmlns="http://www.netbeans.org/ns/projectui-open-files/2">
        <group>
            <file>file:/D:/2021Fall/LAB/LAB071_180LOC/LAB211_GiangHTHE153697(J1.S.P0071)/src/View_User.java</file>
            <file>file:/D:/2021Fall/LAB/LAB071_180LOC/LAB211_GiangHTHE153697(J1.S.P0071)/src/Task.java</file>
            <file>file:/D:/2021Fall/LAB/LAB071_180LOC/LAB211_GiangHTHE153697(J1.S.P0071)/src/Main.java</file>
            <file>file:/D:/2021Fall/LAB/LAB071_180LOC/LAB211_GiangHTHE153697(J1.S.P0071)/src/Controller.java</file>
            <file>file:/D:/2021Fall/LAB/LAB071_180LOC/LAB211_GiangHTHE153697(J1.S.P0071)/src/Validation.java</file>
        </group>
    </open-files>
</project-private>
